reporter,data,título,status
ARMANDO DE OLIVEIRA LIMA,8/6/2021,Nordeste no destaque da volta do turismo,PORTAL
ARMANDO DE OLIVEIRA LIMA,8/9/2021,Nordeste no destaque da volta do turismo,IMPRESSO
ARMANDO DE OLIVEIRA LIMA,8/12/2021,Assumir prejuízo e a reputação no mercado: as possíveis causas da recusa da Ford,OPOVOMAIS
ARMANDO DE OLIVEIRA LIMA,8/12/2021,Caso Troller: o que dificulta a continuidade das negociações,IMPRESSO
ARMANDO DE OLIVEIRA LIMA,8/12/2021,Caso Troller: sindicato quer garantir estabilidade a operários ,PORTAL
ARMANDO DE OLIVEIRA LIMA,8/12/2021,Prefeito de Horizonte tenta agenda com a Ford,OPOVOMAIS
ARMANDO DE OLIVEIRA LIMA,8/13/2021,Ceará sonda montadora chinesa que mira Brasil,OPOVOMAIS
ARMANDO DE OLIVEIRA LIMA,8/13/2021,Destinos próximos: retomada do turismo já impacta o cotidiano dos brasileiro,PORTAL
ARMANDO DE OLIVEIRA LIMA,8/13/2021,Empresa chinesa de máscaras cirúrgicas assina memorando com governo,IMPRESSO
ARMANDO DE OLIVEIRA LIMA,8/14/2021,Oi amplia fibra ótica para 27 localidades e chega a 3 milhões de clientes ,PORTAL
ARMANDO DE OLIVEIRA LIMA,8/17/2021,Projetos na área de resíduos sólidos no Ceará devem deslanchar até 2024,IMPRESSO
ARMANDO DE OLIVEIRA LIMA,8/17/2021,Os destaques da experiência de Caucaia,IMPRESSO
ARMANDO DE OLIVEIRA LIMA,8/17/2021,"Precatórios e Bolsa Família: CE pode ter R$ 2,56 bi parcelados",IMPRESSO